,word,cfbetweenness,cfcloseness,eigenvalue
205,@Freshbakes1,4.6037566294996674e-05,0.00045425800936248645,0.2181194956899435
47,@Pawanku58226898,0.0002994753027791544,0.0017790254014906001,0.1957534727008451
612,@Anshulkd2054,6.988738128023704e-05,0.0006939659930576639,0.1686564829216432
299,@amizere,0.00024912238995568916,0.001223776643526459,0.11235125089485612
660,@GaneshNa213,0.00047723443509755894,0.0014116227849138225,0.10711773939147091
169,@mayela661,0.0004164653781532534,0.0016585008156602618,0.10626500502165755
749,@MihirKuanar,0.00012196379191412699,0.001044020561693714,0.09182902669105046
625,@PriscillaNyaab1,0.00011109057264972656,0.0009873303229528169,0.0862015781621022
131,@PeterFranks69,0.00012222801963629603,0.0010668343841734656,0.08517304808078266
544,@JarekFraterski,0.007813610316017013,0.0010431891772687478,0.0781530812407685
747,@CmastersB,0.00012819262829441355,0.0011250952749342557,0.07796863365981856
753,@lilaflor68,0.00013039489215331977,0.0011248583944289893,0.07655731346070747
509,@mostafabenh,0.00016341948614046367,0.0013680019708463174,0.07246029425790278
617,@GhausDr,0.0007760346898297244,0.0026369661185274645,0.07157860582583182
245,@MARLE68,0.00735692678054659,0.001274783387091008,0.06971959379848641
391,@monkeco,0.00013625206272505533,0.0011643515746473402,0.06851830916124353
326,@OnaElse,0.00015405359744954277,0.0012915075077192637,0.06647716532265807
564,@Hasta_la_madr3,0.00014721380099969587,0.0012246101269029863,0.06470991863995741
388,@5hr1nk,0.00016973050309796958,0.0013418573727567587,0.06425813774248458
194,@onlybegottengod,0.0013319043672611623,0.0019364745354006434,0.06342588065449141
448,@Norlaine,0.00018267797408989882,0.0014840051611891068,0.06130611852521969
323,@JakeDurbin12,0.0001811830490679157,0.001412120092042208,0.05805094771036178
379,@DTolliver83,0.007152058625820631,0.0014241289937729754,0.056690369764316885
676,@clovid01,0.00017158130112515066,0.0013653400205634076,0.05612567158963272
396,@salgado700413ps,0.00019280376579520187,0.0014956813579990193,0.0556862573310611
661,@TexasEEOLaw,0.007038851169411565,0.0015293761948852703,0.05288978600080733
640,@rolynhome,0.0002165408515526655,0.00162732050244147,0.05190318454907115
539,@MrRahul93339146,0.007045499186472633,0.001533963500553359,0.0510108502456044
364,@Tanjaul1,0.00026230312040363235,0.0018930004329877112,0.048245757331556435
514,@DanWTwitmo6,0.00341757163678408,0.0027779328812127598,0.04804742146814344
406,@chickwerner,0.008421083612516412,0.0029201160386659857,0.04755736919388787
84,@TenTamilNews,0.0069579132032334,0.0016307406487579032,0.04721262682633496
459,@mpcoreno,0.0002768685430514768,0.0019461428591394472,0.04708771528666805
594,@Mainaxcs,0.00023493250487152453,0.001667884538962203,0.047070933942901454
649,@AsFreedomReigns,0.0002364297194766843,0.001728304769967219,0.046711651532491134
497,@XRCollaboration,0.00021342088550265807,0.0015933698894565645,0.04607733301998439
401,@Plus_haut,0.006892288278726827,0.0016865307404495843,0.04519792615313408
710,@pepperm00831681,0.0002707620690113443,0.0019469551210558615,0.04421605141801461
630,@Rahul_Dua,0.00020996457675226868,0.0015862054754553461,0.0440742557552413
550,@One_romOne,0.0003249906460022674,0.002045166921367657,0.043958202034585434
652,@GarethIsaacs,0.0002520020306110952,0.001733787895324275,0.0427318391995322
127,@Techgnostik,0.00025529648809128204,0.0017841312584839157,0.04215207327297469
727,@clancylisa,0.00025696622084613014,0.0018366922467479856,0.04200510422070081
151,@AnilVerma8834,0.0002365929867076028,0.0017100450004613123,0.04164565529278205
473,@hnordlaw311,0.00029610605425845453,0.0019372176599119213,0.041393247309831384
58,@AllectorB,0.0026466482549663524,0.0024954556235960144,0.04128743617852747
213,@McClaymore,0.00028933691663756236,0.0018886086913519648,0.041123971858478305
316,@Prisca84935656,0.00044334111593421187,0.0023216262148602214,0.04077865151646604
313,@TweetOrBTweeted,0.0002369031424082932,0.001693837882044877,0.040373043507357806
599,@mastermindyour2,0.000232811733941034,0.0016827065790984087,0.04010448584488055
734,@mwwwn201,0.0002630537303220373,0.0018109369111090348,0.03977923391999222
237,@CelestinoGutirr,0.0008351179239109197,0.0024633140571079935,0.03931771721350909
562,@Monica19815,0.000266576815343389,0.0018312347863652986,0.03924438848450276
767,@HernandezRRamon,0.00031912910287306616,0.0020544712581713823,0.039109665749520316
300,@TDivala,0.0007473671698670327,0.002244457935610204,0.03877006838567912
325,@MMennola,0.0002550627554406051,0.0017992355234712693,0.03843521367068544
688,@AmyMajor6,0.00027283107186531986,0.0018522111029070213,0.037431677127135306
543,@JM19712,0.0003067558917464504,0.0019747117159690094,0.03654335326676307
192,@LucianoMar50,0.0014507834247781376,0.0029827244178469918,0.03636546690059871
263,@JoseRafaelbenc2,0.0014507834247780254,0.002982724417847006,0.03636546690059871
306,@CadenasOlivar,0.0003544109342604165,0.0021173667264108003,0.03618586988595747
386,@AScribbledEagle,0.0003134266907183496,0.001968307419514273,0.036135035525292666
631,@CentiTiberio,0.0002692313839486779,0.0017994936014300513,0.03583274508712487
746,@stu0016,0.00035962014996810337,0.002129911715202086,0.03540396150231953
567,@elsafelce,0.0010615104008750602,0.002649837192432074,0.03515569964203714
302,@Arana631,0.0014660233350871617,0.0029876271293006176,0.03512410573487871
104,@PicardNicolas14,0.00022613871251700465,0.0017294260459251264,0.03498271667136644
233,@itskimfil,0.00035137999772142856,0.0021131314553160807,0.03474511550300857
662,@truthserum4all,0.006617962535657497,0.0023538976593106644,0.034598575249617874
605,@Kenan98548443,0.0003129146474304231,0.0020032480609608523,0.03450625626660823
773,@charleeparis,0.006618390161148766,0.0022121954127445544,0.03440754078401217
571,@breeze_paula,0.0003313955895633384,0.002108576673842591,0.03432338901872581
521,@AparisiJordan,0.0005286402465540871,0.002546688305015313,0.0343146548199605
309,@marcoSi13263512,0.0004171221754547485,0.002370013922345913,0.034160770439815
463,@3GoMigos,0.00031990783887267095,0.0020181710476654497,0.034056625621494634
216,@betterd43983711,0.0004715313253658207,0.0024079454036327096,0.03392178579522477
622,@thehumblepov,0.0003428905793787308,0.0021036333260535268,0.03389811083793794
486,@Broken_Devil_,0.0003293083575881343,0.002032901442030327,0.033628904971129026
350,@fredric_wertham,0.001367822143635255,0.0029468791453889746,0.03362458171904805
766,@JHBTX2017,0.0003651611331468755,0.0022066425358629495,0.033449310039973486
618,@Tureldriet,0.00040652663980657934,0.002369562821239206,0.03333350456394038
259,@lmnysf,0.0026580071786283304,0.0030101701382440013,0.03324968232763511
771,@evesully50,0.00034677134379684706,0.002097596291620882,0.03323919169406137
382,@matzenordwind,0.0003869475050256017,0.002266822845407236,0.03297112508934278
301,@cincycher,0.008217994694074268,0.0029505933194752076,0.03255131426166017
107,@RalphSpeedy,0.0011775570231224066,0.0021156618974838156,0.03249878401713561
6,@GadioOumoul,0.0009221405963670556,0.002552232004002135,0.03180797655996142
113,@JacobAbere,0.0007599438291746224,0.0026040504404437137,0.03057460079192338
575,@Christi54021292,0.0004047367649586224,0.0023579174955961697,0.029793605052115115
546,@MarikaBlog12,0.00026649363454458606,0.0019607603563732926,0.02951825458915767
148,@CryptoNacky,0.007151928290062084,0.002644741316220615,0.02950664560829408
97,@e_pigrafo,0.0004649949698503637,0.00247946784578789,0.029398779209525154
99,@OvandoVelez,0.0004526624930176977,0.0023487844018757467,0.029310544032997616
61,@albazamoraexpo,0.00661815411537467,0.002328105516450224,0.029213453326383535
222,@impressionsAS,0.00038035472274996763,0.0021995546141087593,0.02914691132051159
77,@G_Matyila,0.00039590687069617744,0.0021830018637269415,0.028961045925802304
457,@helenr1976,0.00047212039394224956,0.0024973552929364756,0.028808484498242085
774,@SecretaryAce,0.0003219687620702622,0.0020855276143494136,0.028731035392528054
682,@duendecilla___,0.00041746623573974014,0.0023786606860978056,0.028721216042152425
402,@hepopeya,0.00044606175753509854,0.002463067678250665,0.02869940533826596
558,@salman000111111,0.000385272464927668,0.0021615077908084105,0.028676991535658877
340,@SihoKim6,0.0003968796863545791,0.002250987707434217,0.028559006330705648
361,@Carolinebharati,0.0005946006788267209,0.00269426958829454,0.028537118425873673
308,@DonOmega14,0.0018601426523614472,0.003186120510555375,0.028460627367545694
639,@blvck_i_vm,0.0003537016179051391,0.0021309237619431104,0.02836687128931709
304,@rodnetria,0.00047017776428400333,0.0023833181421976436,0.028318259699924117
24,@CsuiteTechPoint,0.0003320148037545271,0.0020357735482078474,0.028298862075593657
423,@JasonDinAlt3,0.00043096882547681147,0.0022775739153658558,0.028288728649100866
468,@benn_mago10,0.00021880158082241113,0.0017467831282742489,0.02792020078915695
117,@WolfgangFeist,0.00034648213605973515,0.002137114275855896,0.027882414486425755
339,@skrgeet,0.0003251254753145124,0.0020180504010401537,0.027864846774141368
758,@josser21,0.0003562812304055631,0.0021259724731938815,0.027862083897775513
524,@sonsog01,0.00043103464402626185,0.002282487415558521,0.027813497491549447
697,@Jmdp99909566,0.00044756531054288755,0.0024565023938839157,0.027796991830616118
81,@WWolfgag,0.0003599721053436738,0.002172394203760592,0.027606612892975554
452,@JessLavado1,0.00035631327649934374,0.002125976606109064,0.027541899209640494
172,@insidelombok_,0.0002850206090270674,0.001980262582503244,0.027532942365309426
489,@TroyBeast,0.00032315638651404636,0.001989851840378381,0.02753080742273898
344,@dms1485,0.0004685975487909775,0.0023985229946253063,0.02748202064961964
320,@lessofmemoreof,0.0004672737425989352,0.00247302863649543,0.02743227215054836
569,@loptismiste,0.007694426208025568,0.0029862967628040203,0.027373295228173666
494,@_ilan7,0.0011411380047697413,0.0024566645156459876,0.02734105556823658
413,@benhaygood,0.0011507084280736831,0.0027877640979735952,0.027197076542787173
673,@MDVinChina,0.000447353749373378,0.0023350610549106995,0.027183046004704562
197,@Auswake,0.006653655169852424,0.0025813662668373776,0.027121410539791124
645,@simba_roars,0.0004026644800297401,0.0022950391062301245,0.02711702521216237
94,@Nvannungi_,0.0004026644800297388,0.002295039106230119,0.02711702521216237
507,@marizsmn,0.0005022174569673684,0.0025441063321561845,0.027083094905096215
432,@langostaLP,0.0004024493941915919,0.002193294453917496,0.02701776111749887
696,@Linda17967883,0.000419400429369968,0.002339820942517228,0.026950591892513347
156,@glovepurse,0.00047555930342094757,0.002517262654137729,0.026916971518024625
635,@cjay_dgreat,0.000526353227539947,0.0025232985937520495,0.02684030896767703
482,@stadt_velbert,0.000540453376527675,0.0026051777769093886,0.02669764208069665
686,@HerstoryTeache,0.000497931319291009,0.002470637491729222,0.026663281320009738
647,@de_prudhoe,0.0005551552124119993,0.002613991688741522,0.026631826020242114
603,@PeaBeeJ,0.006714890003454725,0.0018992137732133797,0.026597893773465737
412,@maxiren14,0.006627205595586022,0.0024462665034639375,0.026542195893212654
525,@microborja,0.00037595036593287607,0.0022349626640415345,0.026491474729547933
291,@PandaBishwajeet,0.0005361077954058079,0.0025610824112664776,0.02636370835378089
212,@bratNvet,0.0035183940912275136,0.00224795108585725,0.02636232642324114
150,@Omiljenaja1,0.0018822919562243201,0.0032153333760905106,0.026317509136574806
717,@ngsampa,0.0004129727360404806,0.002356315052725015,0.026252869929735953
663,@mamma_ging,0.0004303638788969931,0.002362831709718557,0.026191705254060987
756,@cdsholistica,0.00039371216376156513,0.0021830727311906027,0.026152033511828363
750,@maryruthedk,0.0004958866138217894,0.002477088430254009,0.02596264272367278
120,@jimbocrofts,0.00042799303839030135,0.002376398792766351,0.025921877658085027
372,@mfield,0.0016901753435307517,0.0031315285715208443,0.025869833042862483
229,@ChrisMGra,0.006874975242866939,0.0016619756182456181,0.02586968286833909
487,@TrueAmericanCi1,0.000911630842037023,0.0022915232282262627,0.025863470280808685
553,@God_SpeedUSA,0.002798662416711446,0.0023655516798214513,0.025686537287320583
433,@KhofuMoahloli,0.0002331079473714384,0.001847803366375882,0.02562450840464921
456,@andrestapiaok,0.006635959179877922,0.002265491791886572,0.02552558065811152
541,@F007,0.0004783433286925768,0.002532606921718199,0.025111528766442775
92,@squaddietony,0.0012162860837559941,0.002500832275969926,0.02496025746795034
677,@neverlooba,0.0010878274446454491,0.0024891591363922854,0.02474602649184522
105,@WAMA1,0.006661423640046631,0.0021964039860510503,0.02440988309905766
655,@1pissedoffdem1,0.0013957427398837438,0.00242721670124539,0.023393923480548803
537,@districtdork,0.0003506587865076783,0.002136997418973962,0.023116815650796933
589,@parthchauhan90,0.00040290721197289625,0.0022922208258835232,0.022970275978468343
383,@Boiketl05359443,0.00034633340137168734,0.0021370004880957175,0.022662150218203968
726,@Julian84189038,0.00046375548229717057,0.00247667832942662,0.022298816613526097
495,@B_lieveChildren,0.0005289806410745651,0.0025981460605006322,0.022169624866441154
415,@lanacallu6,0.0005608679452847434,0.0026911055870842,0.022064366346032465
417,@CfaFuscaralm,0.0004941940062668151,0.002514888399304335,0.02204000426354778
272,@DenimCat96,0.00043476273680665556,0.002367757547878467,0.02199823565904991
407,@Bipinsharma__,0.000538526032531121,0.002586814577292319,0.02191837145346539
394,@SaynaNorouzi,0.0005609930806396292,0.0026160633209878223,0.02181151670472618
742,@karl661,0.00048749265396301483,0.0024973037226544573,0.02176487275853165
674,@WyfMyks,0.0004462537753680693,0.002329853570899166,0.021653291515352353
395,@diljeet__singh,0.0004274989944697756,0.0023535638675377516,0.021480219370020072
556,@NzabonimanaJos6,0.0006255482297393199,0.002748383576326436,0.02140918551906108
443,@AMPicard1,0.0017705968976592349,0.003164318330523556,0.021397656176413576
621,@CarmenL12649528,0.0004714400635959455,0.002495047147090843,0.021388472681013182
530,@SeremiCienciaS,0.000512789350509036,0.002502972627802686,0.021362104231335253
59,@SumanKrNaskar1,0.000445293727938073,0.002330351243119149,0.02132214590371416
731,@im2byteme,0.0006632218010841687,0.0028078150668475604,0.021270471771620524
187,@PoliciaLowCost,0.002816605840097876,0.0033210304066319373,0.021266301778823115
421,@vincentbou42,0.00043291219042856065,0.0023985574158906856,0.021238031804925138
597,@Maugrol,0.000538687261758414,0.0026370717925323734,0.0211945158236415
362,@Magali98352416,0.0014439940021410147,0.002913757950726081,0.021082987176224758
408,@J_OndaEstadio,0.0014439940021410116,0.0029137579507260794,0.021082987176224758
312,@tinarmero,0.0014439940021410153,0.002913757950726083,0.021082987176224758
529,@catmyrhide,0.0014439940021410147,0.0029137579507260633,0.021082987176224758
46,@AbrilConejos,0.001443994002141013,0.002913757950726083,0.021082987176224758
548,@PedroBDonoso,0.001443994002141013,0.0029137579507260525,0.021082987176224758
519,@EnriquePS3,0.0014439940021410123,0.0029137579507260685,0.021082987176224758
454,@Antman56217467,0.0014439940021410136,0.0029137579507260646,0.021082987176224758
733,@mchico184,0.0014439940021410123,0.0029137579507260347,0.021082987176224758
157,@arandacalvera,0.0014439940021410123,0.0029137579507260754,0.021082987176224758
578,@Huktheim,0.001443994002141013,0.0029137579507260525,0.021082987176224758
545,@Rociosepi,0.0014439940021410147,0.0029137579507260516,0.021082987176224758
685,@potyvega1,0.001443994002141014,0.002913757950726047,0.021082987176224758
632,@ElMorroLecheria,0.0014439940021410116,0.002913757950726053,0.021082987176224758
147,@WildcardRanger,0.0005213070990690356,0.0026161243594390463,0.021054745351325666
449,@PenelopePas,0.000525107307023657,0.002591139875598108,0.0210501863558451
180,@Periwinklebuble,0.0004897533980315977,0.0024623234562682803,0.02102962281612216
769,@BonnieDorais,0.00042650293714494307,0.00235362704542948,0.020997924047961986
624,@sori_921,0.00043519480099019325,0.00240546958322931,0.02098241272435174
745,@munirwaziri,0.0005722281716959775,0.0026336899464581435,0.02075125890077298
706,@tomborelli,0.0004891378399162497,0.0024623379161047764,0.020750644782783337
318,@EeezeePeezee143,0.0004891378399162497,0.002462337916104796,0.020750644782783337
707,@martos_rodr,0.00061461704591385,0.002772774291846287,0.02072950923809825
262,@paulofNYC17,0.0005395792335532877,0.002629876551815897,0.020727745266550704
44,@NCfarmer321,0.00352308447712019,0.0033676752975941283,0.020691886642679413
174,@YonyRamone,0.004524992375576306,0.0028446117900903984,0.020685322755103385
527,@Com_Jam_Pot,0.000600085966853572,0.002684643616999489,0.02066634076573867
532,@ksw1monk,0.0006000859668535723,0.002684643616999488,0.02066634076573867
375,@whiney815,0.0006151096419355958,0.002723039893649924,0.02062900014287433
0,@fatimaagbeke,0.0006491295235831128,0.0028078917696411705,0.02060044537838429
334,@Richardleadbet2,0.0005615519246990704,0.0026333619817533213,0.02053444329744312
466,@dceagle11,0.00040674475222077043,0.0022828092784022663,0.02052402372090442
656,@swingline6016,0.0005001167623801002,0.002482834730380993,0.020507727291982455
672,@DobermannHerr,0.0005845535575804663,0.002674679511214771,0.020433692528565736
186,@bittar23,0.0005558889954049235,0.002622833156453088,0.020432236827130582
713,@Asnl,0.0006095697287802054,0.002774460612187431,0.020347018005181048
765,@Stefani19753108,0.0006295104179795631,0.002748384440838806,0.02031070041409538
400,@fecknvoters,0.0005957391404554264,0.0026912662094398816,0.020284375292365656
139,@AidaZalah,0.0006621804394332968,0.0028080422699898254,0.0202312216788482
196,@AuroraC08625982,0.002049317185386757,0.003166471453397253,0.02011973392255549
268,@manu_cas14,0.0006253274858621668,0.002798113864441024,0.020075975861462286
376,@AlbertoPereiro,0.0004145292391353876,0.0023444060895426327,0.020044376743215818
572,@Andrew_Holt,0.0066068828959672515,0.002470922499102141,0.01997965345777069
420,@Teobaldo_Duran,0.0005981071193140664,0.0027637469425306847,0.019933757374342193
228,@OurRepublic12,0.0005317839735748409,0.002616342760729464,0.019932810915788617
533,@boandsunny,0.0005407069490247671,0.0026507156335725704,0.019797816576146175
204,@Silence28307441,0.0005886344638781936,0.0027684945982875027,0.019724558537426124
397,@DODGERAMLO,0.0006072110549146621,0.002732854742255761,0.01969955202147888
616,@vscriptamanent,0.0004836308357811914,0.0024331634987897048,0.019685778999886855
17,@FlatteryGet,0.0004841638922433565,0.002420280401798597,0.019665666395215258
338,@tammywalt61,0.0004841638922433565,0.0024202804017985904,0.019665666395215258
600,@Ezekiel_3626_,0.00048416389224335826,0.002420280401798575,0.019665666395215258
100,@9jaBloke,0.000654639661980623,0.002798079783426783,0.019657858498519205
684,@annagestio,0.0005818634748383024,0.0026679968223339173,0.019636498280443778
327,@coleen_rocks,0.0006771380467380078,0.002858310434000034,0.0196072098864034
307,@AhsanOfficial_,0.00045729447686177524,0.0024417486338301586,0.019579182722707464
502,@gatofeller,0.00048249976042234657,0.0025227782984101653,0.019556737991660526
142,@LB0nes,0.0005373036845346376,0.002574414927278424,0.019529288502443003
410,@bamkiran,0.0006755463260825488,0.002836249505302433,0.019526344402797616
431,@DukeU,0.0005015928322020517,0.0024968510060403718,0.019511848788131166
392,@condor698,0.001922726784934393,0.003227878671100354,0.01948806177563947
238,@thangimethangi,0.0005953628349358689,0.002772795567432717,0.019469342944036957
637,@Cri_Deiana,0.0004842472210665438,0.0024202819306437555,0.019406308396236832
36,@rodgerarmstrong,0.006705855896061326,0.0020684526816643904,0.01938930595975394
329,@AlexanderXV,0.00667983856733966,0.002884884756670175,0.019352615110540157
484,@Waynesway2,0.0019590201120169345,0.0032474852205443897,0.019332922413646664
39,@p2pMark,0.0005691957496987675,0.002644186533554309,0.019312761703576684
665,@Blu22Cobalt,0.0006487682698524919,0.0028222023616295017,0.01929065251517424
695,@Tanque2009,0.0006798490624314924,0.0028555793151590833,0.019252475147079433
633,@penfold_43,0.00031669992122030304,0.0020261111184307866,0.01924655191197125
253,@worldhighballer,0.0005582853535670624,0.0027011925519097326,0.019234475050239303
330,@alexsxfr,0.0004737163469469469,0.002530193729692076,0.01917811917755451
498,@TrumpQwoman,0.0006018979292565682,0.002701080278288657,0.019153325399005425
303,@priyavrat_tomar,0.0006747585333623091,0.002844600409254497,0.01910252163772319
271,@alchemytoday,0.0004020329734850654,0.002292058100459814,0.01908787135550846
683,@yareniofficial,0.0005844881563329982,0.002661262039977953,0.019067401489956053
689,@LindaWe69965942,0.0005301414645428573,0.0026403476784806266,0.018996596720784173
557,@maryroo11,0.000535513841459759,0.002566956367760356,0.018992103948975117
654,@eils_g,0.0005337742923696192,0.0027185596300759456,0.01896665829500409
43,@LynneSpencer14,0.0034195692281990806,0.002629222240239983,0.0189188801028466
359,@ishagshafeeg,0.001993691879328705,0.0032733955001198983,0.018904160421851363
345,@LeeSorta,0.0005436052026336512,0.0026613417336005547,0.018853644708695532
741,@negandhi_reena,0.0005594905920085811,0.0026263592207798362,0.018779566035102616
678,@dan7x7,0.0005159600216580989,0.0025227578903120403,0.018754101699135543
305,@jxs606,0.0006301662590159273,0.002844680482603969,0.01875192293826258
777,@CarlosMorenoFr,0.006584022972277189,0.002701161439854017,0.0186561281410262
37,@ELOTUR,0.000632791364016346,0.0027787195022599127,0.018645416402783953
426,@irshadhead,0.0006393999588108953,0.002759000370121582,0.018643097573913168
298,@masseyranch,0.0014102020413830011,0.0030445080007703417,0.018627191688837707
242,@mariacsegovia,0.0004933734558127378,0.0026507709732789104,0.018549469731143062
328,@EricRufino3,0.0005642199932389538,0.0026438059365904406,0.01850748360253156
221,@EDGARCHAVEZ3008,0.0005176996965514633,0.0025493674661876695,0.018228008617637757
692,@WhippetPickle,0.0005272063369430515,0.002609276632489619,0.018163846653712443
65,@EcofuturistUK,0.0006350764739608659,0.00277815623759825,0.01568740457051129
643,@racasti00,0.0005121686935878381,0.0025147962063476782,0.015503973895310944
341,@MarinoEspanol,0.0005121686935878378,0.002514796206347683,0.015503973895310944
239,@OposicioBellaca,0.0005121686935878376,0.002514796206347683,0.015503973895310944
554,@ISRAEL20906795,0.0005121686935878379,0.002514796206347678,0.015503973895310944
574,@pamenrapado1,0.0005121686935878379,0.002514796206347676,0.015503973895310944
759,@N32N02N,0.0005121686935878378,0.0025147962063476813,0.015503973895310944
763,@IanR_Drennan,0.0006733245298951638,0.002816415561144953,0.015316787125344976
681,@benjamin_park,0.0005891539035962659,0.0026780096696252084,0.015290313349708842
752,@caarolinejd,0.0004985864601417769,0.002462480658911953,0.015099026828165808
154,@EliasDaFonte,0.002925381338976617,0.002618268540602065,0.015070951807438768
580,@HZurdos,0.0007496342067358761,0.002948430155870264,0.0149906242970394
206,@iut_senart,0.0006710940676347994,0.0028305852813635883,0.014917801193222006
247,@DivyasareeSahu,0.0007109529517940927,0.002885243449845589,0.014914272250760582
235,@VPrimero,0.0012506651439774313,0.0027363985964470356,0.014903053272523153
13,@gabriela_041672,0.0012393008968883976,0.002894866604289302,0.014876269187265301
398,@wlebrun56,0.0005670918452144488,0.002650632956114232,0.014867579946421603
518,@NorquizR,0.0005670918452144495,0.002650632956114235,0.014867579946421603
718,@veysi_karadas,0.000449119333389715,0.00252234441514741,0.014775283644973854
351,@Rie32553236,0.0019998421306980157,0.0029216186937289093,0.014771454580761586
720,@mutahharamin,0.0005448872566365106,0.0027481405245481554,0.014721037477474583
754,@luisfaustorm,0.0005671791779807858,0.0026437179033904053,0.014714030763319452
135,@welshcordoba,0.0007965510855548841,0.0030182195515578735,0.014688880835795977
278,@bharath_chopra,0.0005717377193936935,0.002643692874331991,0.014536026777591624
768,@ThereseJubran,0.0007618877829031442,0.0029605165569449414,0.01453444467655406
721,@ReemarMartin_,0.006666975052317299,0.0027875746547157,0.014534439056928567
761,@goeltm_tg,0.0006739503419750525,0.0028445304350225432,0.01451708205814276
384,@HoneeDesigner,0.0006958777411508397,0.002858208117515177,0.014500481688198327
283,@clingdayok,0.0005606743455778261,0.002626282464099862,0.01449826484011911
311,@yasirelqura24,0.0013667314139288072,0.0027765239442790897,0.014496608593872348
566,@edaaiman,0.0013667314139287796,0.002776523944279084,0.014496608593872348
563,@pebokais,0.0013667314139287918,0.0027765239442790854,0.014496608593872348
762,@90EKMSMS,0.0013667314139287757,0.0027765239442790763,0.014496608593872348
141,@Jiggyborse,0.0004485842770191718,0.002553182412585406,0.01449619042070497
102,@davidsolo90,0.003268761158636046,0.0031994401291621792,0.01449488905090729
651,@AG58131400,0.0006879781896010576,0.0028582021962430125,0.01449394195952137
462,@XxRajosie,0.0006461986693637645,0.0027726692374081766,0.014478736103150855
185,@martin_gurajena,0.00047688397497011885,0.002461876806117991,0.014470618246899814
511,@Ani1132,0.0004048805418423007,0.002453893401488766,0.01446285482659622
460,@CambridgeDay,0.0005188528299343015,0.0026843693386393447,0.014459134763936305
436,@clouddatasummit,0.0005165358682489687,0.0026608923051040997,0.014433299490617777
250,@APiallat,0.0004389391757626045,0.002494572345194198,0.014422928972254492
725,@roberto_keegan,0.00047726979315709393,0.0025974812071769098,0.014407462946268296
130,@Myhoeloud,0.0014098726495103402,0.003050905462070443,0.014396394847762879
476,@ScottRMcCall74,0.0006244229802476857,0.002763316852508271,0.014395975916068426
79,@dizgee1,0.0005159215749703568,0.002660939166264152,0.014395097033968664
176,@ICTIPR,0.0007157556835172134,0.002910794753713618,0.014390975082005564
158,@DEBKANCHAN,0.0022706319475391014,0.0034311627282445764,0.014387674517059917
444,@flo_epfinetlse,0.0008722377884538297,0.003125681226444285,0.014379278563708584
577,@estherisoba,0.0007872046106131288,0.0030069771953198524,0.01436225280959875
538,@MynameisApes,0.0008347095145915571,0.0030613624357100446,0.014360749899321809
143,@mhs_asn,0.0015573992713866626,0.0030695896426556225,0.014358513309430426
367,@Bibby_NJHZRA,0.0003986729804231606,0.0023892224841651653,0.014353318462836362
776,@gancho213,0.0005900244723859856,0.002821942090566289,0.014340630741294408
585,@amaerx,0.006552660813231277,0.00274809340662914,0.01433995444997047
115,@don_zizu,0.0005157319172717692,0.0026609270006090944,0.01433407868499785
324,@sbwaverider,0.0028003643979156653,0.0033407622968790085,0.014307056157800006
343,@MPHoogeveen,0.0005638604018666023,0.0026262775929035754,0.014294065322549194
499,@steve_e,0.0006282854110619995,0.0028717887412404593,0.014287974269475267
356,@MaryamShJ,0.0020069651383063138,0.0032786597420401587,0.01427247361095483
606,@didacticmatt,0.0007905163069874718,0.003018216348692252,0.014253922790589001
579,@jbjfanalways,0.0004420343878246167,0.002522365366957126,0.014253793980563702
18,@VilaWeb,0.000678993209600321,0.0028540603309120016,0.014252560505671438
160,@munsterm,0.0018676586254681741,0.002947068576499479,0.014243996573784879
739,@barrios_giovani,0.000550607988331399,0.002748116051858297,0.014224430588591026
294,@pratikmukane,0.0008069483085521978,0.003050807419063371,0.01420807750241868
583,@imspectacle,0.0008069483085521938,0.0030508074190633565,0.01420807750241868
211,@aighne_kearney,0.0005116106262304574,0.0026609281599036163,0.014191711458033683
455,@Asher_Wolf,0.0005340776115403803,0.002726238309264047,0.01418968750885165
693,@curropeco,0.0007524985674825592,0.002960524416716568,0.01418300330371568
317,@mya_fer,0.0005216881439247121,0.002533931636513469,0.014167635599132556
190,@AlisonHarriso16,0.0007775509514468794,0.0030069934049344396,0.01415579938063214
349,@PaulinaPotus,0.0055422467688219955,0.0033715394668425475,0.014155374728729011
428,@itsBillybelford,0.00047602552676746145,0.002572310577657657,0.014140421905016297
608,@AnilBha90987470,0.00223566144097626,0.003302389878753271,0.014132242542314963
380,@Delhivampire,0.0025734151202591754,0.0033359616371761245,0.01413085430926625
374,@NawazkLaghari,0.000830717544570447,0.0030718106273403428,0.014122981759230047
699,@Belcourtoi,0.0007780566560629692,0.003006976361529025,0.014118214572628292
182,@anactrln,0.00043106034589184667,0.0025224038386266203,0.014102987239275454
737,@SuchtaDanuta,0.0017349757695359737,0.003166680753102672,0.01406232873042486
76,@afuzaa2,0.0004326724492795792,0.0025340160242038868,0.014050899295972615
513,@declan_hoare,0.0006981917524941059,0.0028717200565684785,0.014049865292681074
438,@TheNthEstate,0.0007010692555679103,0.0028902587705630788,0.014047057717930642
610,@cebolanos,0.0004576758047028449,0.002522323238514594,0.014036010569990346
254,@be_awere,0.0005477383884215838,0.0027480813823385418,0.014020103058962247
385,@Andres_Maeso,0.0005596700814747784,0.0027724485269765508,0.014001123258758222
701,@ferllyr,0.0017021776886994545,0.002979464468977988,0.01399591896685753
78,@GPMDonaldson,0.0006877608426914064,0.0029838748929420012,0.013969580111759276
149,@CollinGift,0.0004023897229326812,0.0024112363269076583,0.013960720908552259
411,@Oscarmagvalle,0.0007216762913326852,0.002923462276815095,0.013954600160152035
555,@MchaseNACo,0.0010887488348727914,0.0027417934134408386,0.01395253615957675
30,@GopalKu16046080,0.001125362914914473,0.0028747138330936723,0.013951257294625012
591,@Some194003043,0.0011253629149144703,0.002874713833093647,0.013951257294625012
414,@JanardanRaj28,0.0011253629149144749,0.0028747138330936484,0.013951257294625012
215,@hello_somdeb,0.0011253629149144736,0.002874713833093642,0.013951257294625012
177,@gaurav_maurya8,0.0011253629149144749,0.002874713833093644,0.013951257294625012
687,@Buddhistyouth1,0.001125362914914473,0.0028747138330936554,0.013951257294625012
347,@JaffkeLauren,0.006672782663392754,0.0031953613156960295,0.013948423556189932
477,@MichalakJim,0.0005395539171455167,0.0025722311186864052,0.01394221263533578
371,@LeloBurti,0.0005414660149138274,0.0025906704304629233,0.01393901560248212
441,@MT6200elev,0.00044381595570071563,0.0024952540545031556,0.013931910987179729
264,@Cristian0_CR07,0.0018610533610396338,0.0026896683614626416,0.013930352419409507
7,@buzz8,0.0005040393788390782,0.0026609491014893045,0.01390527700128566
446,@mkozmo,0.0005040393788390769,0.0026609491014893062,0.01390527700128566
86,@lloretblackburn,0.0004724791528475832,0.002572335534078702,0.01390068185990874
20,@suzmw03,0.002791921165372785,0.00316754491666018,0.013894431029555163
88,@miriamdm1956,0.001922917948376838,0.003267754242015372,0.013893621357179683
11,@RaulErnman,0.006667677880237845,0.0025906501032966194,0.013890858709600228
56,@udongwo,0.0005374452914722299,0.0027262544702069697,0.013874005655133583
276,@cantalejos53,0.0003426151248539577,0.0022214605962485355,0.013839767364762612
370,@PuesVale42,0.0003426151248539583,0.002221460596248531,0.013839767364762612
770,@WolfgangLudwing,0.00034261512485395893,0.002221460596248533,0.013839767364762612
244,@AlejandroAsat,0.0005136397813758439,0.002533941208690547,0.013827401187333915
28,@CharitySoWhite,0.0004696668915381928,0.00259075532399299,0.013815952455169532
427,@gojammaj,0.0005757286969229403,0.0028022937298244626,0.013716758417629846
293,@Indian0077777,0.0014562360041239894,0.002996081547648321,0.013696902156399543
168,@ArmandoGonzlezF,0.0005867154716975113,0.002816697275591697,0.013696250867513946
80,@golwgymor,0.0012130306353807583,0.0031357034733760815,0.013684318718115476
496,@Amisnas,0.0005067783547607348,0.0026777441344038398,0.013684023507727325
461,@flipsville,0.0004607763004767961,0.0025607159923487282,0.013681222602887429
542,@RSpurga,0.000478989933874828,0.0026330488954031364,0.013680192542133469
73,@neotokio619,0.0019784499718989734,0.0032553218150108833,0.013675427584417092
453,@shyxbieber,0.0019784499718987643,0.003255321815010884,0.013675427584417092
110,@kherbert80,0.0006995326208725664,0.0028717053644790845,0.013665260846383915
296,@Nerak928,0.0005426398107997463,0.002763378045824648,0.013654927307701565
536,@itisteddie,0.0006166441536611206,0.002741807248328113,0.013653623800299238
730,@sn_authorized,0.0007148892705050125,0.003011328776828721,0.013634284118953848
743,@doctorvidela,0.000697535339881586,0.002988493734814358,0.013627809334465358
679,@AFoziano,0.0004254423204054279,0.002453868800681937,0.01362193791273926
751,@MarcusYoung314,0.0005004565734225588,0.002660919341050539,0.013621929053319416
760,@1culture_creed,0.0005006696718226287,0.0026609362595233265,0.013616367444395407
319,@AdsDulantoScott,0.0005520882644269339,0.002763389836331208,0.01360736086371066
644,@DianeRo777,0.0006593439277373233,0.0029409146262751812,0.013604812699731633
587,@ken_plance,0.000516289356987762,0.0026942623066100414,0.013596717207855873
279,@JoanneCavanaug1,0.00304599730371911,0.0033538902080287704,0.013588842193126031
57,@KNRXRX,0.0011084451734774507,0.002965192257982702,0.013583450483918284
1,@CGEspSydney,0.0014204522152305565,0.0030615172674074683,0.013581974478637808
623,@Juanjoponyfuxia,0.00035670111176667893,0.002272495817164233,0.013550715589191378
290,@GabrieleMayer11,0.0005313854964045106,0.002572253295311258,0.013531098995111164
181,@CoachPrego,0.0008702432913047765,0.002816599715794189,0.013530642260889564
736,@imsinghchouhan,0.00755002351328914,0.0028720715359262412,0.013508553221924105
523,@mcall_rich,0.0005014798308162479,0.0025223021677402316,0.013471476782017959
492,@Rastraprathm,0.0014220204569793914,0.0028720715359262555,0.013463730349210995
101,@LynnWoodcock2,0.0004883825973929094,0.002608830305566313,0.01345517000794741
588,@Beccah2Fois,0.0006814376332233606,0.0028582537867115317,0.013452738739343358
520,@salhaj,0.0012854253679750747,0.0029108392139836426,0.013446084525924818
333,@trcha92,0.0015310993451702207,0.0029929036375312525,0.01343291118982139
287,@ScottCosco,0.0006515077156577811,0.002802207509566686,0.013430905562312993
576,@pfeeney2016,0.0006543444837395184,0.0028022160599204308,0.013415487548429294
38,@ledwards351,0.0016384792109926322,0.002909193233280067,0.013409245178484793
153,@__TutuCandy,0.0006404445395863762,0.002923512411936906,0.013408143924959457
619,@zdemertzis,0.00036972224100793665,0.002330235571006017,0.013397010543262176
700,@masandgita,0.0005890102687218279,0.002684304634899337,0.013394376675214962
517,@PratVikash,0.0006282445507279798,0.0027572487242313918,0.013371886631270796
704,@peacefulilu,0.000522583366427996,0.002694280162270008,0.013356765373832612
404,@KevinKi89841635,0.006897340704984301,0.002856108357421966,0.01335385033625589
467,@lauracmrtnz,0.0004330122430910422,0.0022967660562341285,0.013328487815277354
604,@crimargo68,0.0004330122430910428,0.002296766056234113,0.013328487815277354
373,@EcoCoin1,0.0005663792862991685,0.0026437606997157907,0.013312466160420955
118,@SolerCatalina,0.0018658684694626835,0.0031936899883719385,0.013301616169276557
694,@RafaelSotoca,0.0005740230149220724,0.0026689652970940197,0.01329640202858341
667,@Lhop963,0.0005145407578294218,0.002694285385541938,0.013289875257260686
354,@peraphsnot,0.0005145407578294211,0.0026942853855419307,0.013289875257260686
642,@Sher_Ali_Junejo,0.0007924428738751389,0.0030292796230714423,0.01328058696195392
236,@MohdKamranSid15,0.0004080017899988836,0.0024328022806565496,0.013278986322713612
641,@TAsaurus,0.0004096730627413602,0.002432778784758929,0.013275909468204106
140,@zero33333,0.000659110282174288,0.002830339156938015,0.013269407911911738
728,@alvarolangarita,0.0006591102821742867,0.0028303391569380132,0.013269407911911738
531,@jci20142015,0.0020112095506563546,0.0032862846111228103,0.013262398144543844
399,@PriorMargaret,0.0005612974100262903,0.002778428117638121,0.013255554725581655
210,@ManySoulsWithin,0.001671504558363809,0.0025525096340163964,0.01325481060172808
260,@RealAndrewDFord,0.0008048417824735624,0.0030506119448627414,0.013245559261131997
270,@us_poll,0.0005526636907296444,0.0027573428069668365,0.013231617684322603
516,@curiocat13,0.0005468423376719763,0.0027724846838427827,0.013224708176140692
653,@susanjane39,0.0005468423376719765,0.0027724846838427905,0.013224708176140692
145,@Eco1stArt,0.0004050299652820039,0.00243277989182276,0.013197143304971312
581,@mattwebbELC,0.0005761006239443803,0.002677696186958094,0.013188950572667203
321,@maria_haupt,0.000396718623026091,0.002410826499072917,0.013184743039521546
598,@ShishirGkp007,0.00045255487046845847,0.0025340261777414682,0.013181767855843716
595,@eazyBoro,0.006572758608934484,0.002772921457309056,0.013174321428742596
573,@ErMohdIbrahim,0.0007137733538486087,0.0029234717683285874,0.01314410856943579
430,@TsarKastik,0.0024190197561746426,0.002802186538628472,0.013137266946783873
348,@ffechecs,0.0005463266321308702,0.002757348489410352,0.013125128750872251
280,@MarkPlackett1,0.002918011230871412,0.00275991223733366,0.01312435270793215
241,@lordez56,0.0016752535649082563,0.0033288330385045153,0.013119270894826266
75,@AgustitoCLS,0.0006642070870778054,0.002821839093543729,0.013115270302026338
629,@rubenllerena,0.0021694194582326347,0.0033750472914117133,0.013108363380777954
292,@iLoveEssex2,0.0006093530265100888,0.0027418771036849896,0.013105157144758035
534,@ChristWamea,0.0005103623481989354,0.0025339666485099076,0.01308689049664234
735,@lekulukumu,0.0005103623481989347,0.0025339666485099015,0.01308689049664234
772,@sridhartweet,0.0005103623481989353,0.0025339666485099006,0.01308689049664234
49,@rcastle06,0.004054063029919056,0.0031929074378768602,0.013084081919621736
627,@pankajmehta444,0.001784840268227773,0.003202252457577929,0.013075938678331922
451,@aula531,0.0005145469809547204,0.0026777888894910966,0.013071951763308576
337,@HambreCero,0.0005838877827221503,0.0028303928522340053,0.013061911284313306
472,@josejuanlbm,0.0005986445033109304,0.002694183033179157,0.013047760834560754
732,@cappelliot495,0.0004146410204347232,0.00243279948265718,0.013007875658283149
87,@bolsonarort,0.0004916488580341021,0.0026260600421657595,0.013003939459985387
442,@DanielG04741415,0.000517563946419795,0.002694250687316521,0.01300135460883814
121,@larainefan,0.0003898293915060319,0.002344150678928188,0.012996494683553801
66,@carme53889344,0.0015329544259918254,0.0027886625231597195,0.012992973163459891
32,@dianra44,0.0004521327728991109,0.002534044164502605,0.012973270589888033
89,@routeofthesun,0.0016187808015758623,0.0030140071354900887,0.012967441775552993
601,@pbchilds,0.0006231405656909206,0.0027572619231440755,0.01295440019976588
179,@fidetony,0.0005541942752893687,0.002608764624033769,0.01293437005552777
716,@hollia11,0.0005587521645170393,0.0027724371490122275,0.012908471170712294
479,@michaellondonsf,0.0017488570161115645,0.0031703293154624005,0.012903666008228967
161,@raquel_rvn,0.000508949322614994,0.0026777639323164225,0.012903646895650506
691,@Pepevegasicilia,0.0005567552414232243,0.002778443780442263,0.012880203062336896
322,@TeamMafisiApp,0.0003662403604665678,0.0023208272100418495,0.012857125868119417
178,@postcards4USA,0.0004888116144199253,0.00266058798570052,0.012820417826196428
757,@DangerfieldR,0.0006821939157559606,0.002835907234254267,0.01280191538615139
568,@savant_abdul,0.0005414834308494394,0.00275733843930546,0.012786363894572349
501,@CarstenBKK,0.0005644854092328945,0.0027784080240383056,0.012761999938282156
738,@PascalC95058776,0.0006215644238696962,0.002885079614041724,0.012755787068367599
666,@BrindDon,0.0004576445324757476,0.0025417461461361168,0.012724068993587728
714,@SusiNoll,0.0006550233632523726,0.0028218787071898994,0.012722219235752237
365,@schristakos,0.0006590055958398175,0.00294828774554927,0.012716104378390608
251,@hemant_smile,0.0007460251195683501,0.002935916973381275,0.012705702484087795
335,@jtblogs,0.00039795044993471,0.002411299878850673,0.012702694573995903
570,@1Kekster,0.00039795044993470803,0.0024112998788506494,0.012702694573995903
469,@carolin67054431,0.0007323522749975327,0.0029359212139394024,0.012693294474093555
586,@SS93249935,0.00043732190844829647,0.002514506982138404,0.012687036745365053
274,@xy798,0.0004528294687329677,0.002560744720616741,0.012679551034318982
475,@DrWims,0.0006890394223637386,0.0028634252852890885,0.012664188420515246
90,@Littlebaker9,0.0007303950254299224,0.002935918369329743,0.012661532472950572
390,@Bharani__vijay,0.0004030668532293685,0.0024328235817925696,0.012649298134917246
504,@EnquestasI,0.000598997580458861,0.0026941730141185126,0.012608441611850514
628,@bmusonza,0.0005042909095407577,0.0026777474945607928,0.012597788979113043
592,@CNicoQc,0.0006066906911343108,0.0027104275468339935,0.012586304482464231
369,@Susan31382732,0.001885337937446085,0.003312578982402052,0.0125799943077129
650,@Pranjalimeshra5,0.0005117562401668544,0.002677739256062562,0.012568219468865542
582,@50b8cece03424af,0.0007876056089189823,0.003006794467487465,0.0125680061115746
483,@KeshaGreen4U,0.0006348291671905245,0.002778405358923871,0.012564520816049045
378,@OnondagaNation,0.00058233625999146,0.0026776659669778364,0.012550049347450278
231,@donabrahan2,0.0015254027716290013,0.0030482427169313936,0.012513245608199912
711,@KmfaToday,0.0006334144797744146,0.0027724107189573983,0.012498272558483788
55,@Jackie___P,0.0005301692772911903,0.002560619276858095,0.012488183227458434
405,@tamrasp23,0.0018954100947347439,0.0028024078289798286,0.012403529931309127
275,@DaudQarizadah,0.0018954100947347365,0.002802407828979832,0.012403529931309127
646,@agenciaEyR,0.0006060009802786311,0.002710420027215379,0.01236869627138308
108,@afiamama,0.0005841530991068037,0.0026776974662572287,0.012319450793615044
609,@MaxBuick,0.000625604938991173,0.002772455362284741,0.012273393109671257
613,@marycjoyce2,0.0004947568032728306,0.0024744816065074135,0.01227048107423838
202,@LukasSc73170720,0.0022477481700490776,0.003413010975785591,0.012267117896671608
675,@KeatonpbC,0.0006091120922742405,0.0027104182894427654,0.012266633760979917
429,@RDandurand,0.000688050007409021,0.0028634007746644713,0.012263482669644164
535,@IrreverentView,0.0006357640512742661,0.0027784040255264455,0.01226318079109416
729,@backowen,0.0006775888927265461,0.002844252705469117,0.012255936919522707
138,@wenbryant,0.0006256387120915507,0.0027724135315092997,0.012206010446984059
355,@angelme,0.0008452536361154293,0.0030757499969314432,0.012156760799110171
285,@Lisa90295545,0.0008452536361154297,0.0030757499969314497,0.012156760799110171
748,@MooreHomes1,0.0006798075551972662,0.0028715097693047,0.01213717526300392
626,@MAGA2020too,0.000672761149429665,0.0029603667065060714,0.012110063254862288
64,@Paulomss1965,0.002265703496132263,0.003413022478045435,0.012073144720339006
170,@rtypaige,0.0007432790402042541,0.002960319050983802,0.012052806818344496
214,@sophiasusie,0.0007432790402042561,0.002960319050983808,0.012052806818344496
53,@1min30_Bordeaux,0.0005329114464322451,0.002579291236344034,0.01203541824468634
23,@GaetanFinot38,0.0005329114464322446,0.002579291236344049,0.01203541824468634
648,@gertlushh,0.0007165389865746308,0.0029109441613484805,0.01195795221681957
702,@4EVERdrahc,0.0005432976605556785,0.002572458359314339,0.011908958873763394
381,@OTEBAFLA,0.0007989351390910812,0.0030179758579009486,0.011893547705697768
246,@nuncaabandona,0.0007989351390910776,0.0030179758579009486,0.011893547705697768
620,@EmranHChowdhur3,0.000822226650060238,0.0030611707908241906,0.011871055381783095
40,@suhrmesa,0.0007473849261589525,0.0029603173328751516,0.01183936166418696
590,@ImpacctStudy,0.000649483003593897,0.002787292870163267,0.011830793895196787
670,@elhadjbah91,0.0015126988118526238,0.0032537122316134326,0.011811482738804882
409,@KatiLiga,0.005025980663251565,0.0033272124280844693,0.011764339025461569
445,@OkulTyp,0.006814013072550427,0.0017944334927692746,0.011704658244291472
500,@motorcitykevin,0.0006340045505588283,0.0027724093941667847,0.011703284473301009
740,@Krake1224,0.0008896491043504092,0.00315031234292874,0.011694972701455779
540,@MMollases,0.0007853562025898869,0.0030179964721615844,0.011677648925163759
584,@Loreniah,0.0005153150576167833,0.0025531380076215075,0.011590079399737389
26,@abarranco84,0.0005739041000613189,0.0028020508228594207,0.011512010114265163
393,@codav023,0.0015557971045131243,0.0027597680518059516,0.011358042607677525
25,@TrumpTrainOnly,0.002932683672493018,0.002804592169916315,0.011326566753442645
175,@seheard,0.0005502173698487514,0.0026084302062251564,0.010997439154045026
164,@RamiRanger,0.0007419992324024752,0.0029648488562045755,0.010406708284296556
658,@TRavindran11,0.0025351360382050454,0.0028222394528234496,0.008296070874034415
225,@AZKAYTE,0.0035061926711700895,0.0028327535355536755,0.008031963349113378
265,@Firemonkey991,0.0012840903885225818,0.0029074938915899357,0.007899720787944485
220,@LangletDominiq2,0.0016324272596687478,0.003109738509442158,0.007890228979497071
116,@AntoineBalboa,0.0012070239642662935,0.00311231650086492,0.007849682169257667
722,@PhlipGodfrey,0.0012792347043619257,0.0029075332271057074,0.007838124627644954
755,@PoetryLifeTimes,0.006541756103265167,0.0026773597058369586,0.007755903240678836
209,@OlinyaIfeanyic1,0.001445646295547261,0.0031864961546045037,0.007709681820535699
198,@Isabelm86161876,0.0012790146771653808,0.0030067860716694395,0.007707530115594509
240,@Stevensonacost1,0.001279014677165314,0.0030067860716694417,0.007707530115594509
3,@Stevegaston18,0.0005456483317221588,0.002741531411256932,0.007676851242751789
273,@kotkucosan,0.0006593880828479247,0.0029356858105356438,0.007640132925709723
315,@tarpitCarnivore,0.0006694617736584861,0.002935693056494374,0.007628043599691936
167,@AutismParentMag,0.001545885046347244,0.0030693369080777473,0.007592750887746301
51,@connect2country,0.0018405040627952952,0.003235626437785367,0.007534953393144404
111,@PampanitoDe,0.0018326680884423684,0.0032356253044815327,0.0075279331009532715
69,@pouceopposable,0.0035240828283200974,0.002832808738093333,0.007513731283727179
91,@devcs,0.0006587818248874769,0.0029356811024632847,0.0075127674864457926
252,@PedroEscuderoB,0.0007325174336423729,0.002271264351883249,0.007506099730578332
565,@DynamiteNews_,0.0020676121789338768,0.003368220678199714,0.007492921281173675
450,@PepAguilera,0.0006593649075769655,0.0029356684124464197,0.007490553043325716
31,@DorisAnnW,0.0016430318808476826,0.0031097652337804377,0.007483236620792119
493,@DOLORESSALAZAR8,0.0016552447318652344,0.003109767047962535,0.007480768123758177
163,@dpscamaguey,0.0016315099281396354,0.003109800907042879,0.007451250060305968
249,@Sir_Almando,0.0022827483119273635,0.003476456682283667,0.007446447609306704
119,@shivamrajput692,0.0006533949509941989,0.0029357009742325625,0.007438548367412203
505,@AkhruzzamanM,0.0006722305845721235,0.0029835852551762434,0.007398499637794641
708,@RUPALINASKAR3,0.000672230584572125,0.0029835852551762386,0.007398499637794641
634,@giulik3,0.003049036003721758,0.002413853684770492,0.007397167970905598
775,@woelannnn,0.0006436551778937826,0.002935688044025449,0.0073668671171203985
705,@AriestaRiico,0.0006436551778937826,0.0029356880440254414,0.0073668671171203985
256,@iliad1orig,0.0018544832924026586,0.0032356618505086153,0.007364680479773599
522,@Charlesgaspoz,0.0006467412584306876,0.0029356775618321856,0.00735048779125322
358,@Anario36500617,0.0006467412584306953,0.002935677561832175,0.00735048779125322
248,@AkpuruV,0.0006467412584306876,0.002935677561832171,0.00735048779125322
352,@Kanayo26698767,0.0006467412584306933,0.002935677561832169,0.00735048779125322
447,@Maziobinna4,0.0006467412584306928,0.002935677561832174,0.00735048779125322
377,@EkeneAjero,0.0006467412584306889,0.002935677561832175,0.00735048779125322
19,@AndHospitality,0.0020944276718748043,0.0033682313452935695,0.007340863019487754
659,@Pocahontaspirit,0.0006511593019137558,0.0029356936888479137,0.007323015789959629
45,@HrMarian,0.0006322011394218239,0.0029357073515313566,0.007322742344086602
128,@frankyaire,0.0006482617959807825,0.0029356703891764806,0.007309034266683047
712,@Arc_darma,0.0006482617959807825,0.0029356703891764433,0.007309034266683047
437,@mariasansone161,0.002900133513850627,0.0027441312416936437,0.007260013405477944
387,@vikesh_ara,0.0006491336223889033,0.002935680270652498,0.00724717791954027
183,@TexasBirdDude,0.0006575184219193972,0.00293565896035228,0.007245474846105764
593,@Abdul_Erumban,0.0005115250349509856,0.0026773064481152766,0.007233946949205655
715,@WZwysen,0.0005115250349509856,0.0026773064481152584,0.007233946949205655
690,@TheNotoriousNME,0.0020991181249967817,0.003368260807062295,0.007232584521483685
465,@jonathancrll,0.0006481854284525029,0.0029357044183944275,0.007209712473384203
422,@Inst_Lecanuet,0.006604366825063026,0.002935672050942339,0.00718752136829751
199,@psychedsissy,0.001084380211153733,0.0027257106025924327,0.007171720981323416
515,@Nitrogl41152579,0.0006581358539879298,0.0029356688585555797,0.007169708981870069
470,@DonnaArchibal12,0.001059417862127661,0.002709709505173456,0.0071603942253038195
223,@dawidhugosteyn,0.0006730626300183143,0.0029356812357072145,0.007143946917056618
122,@csnegri,0.0017192022525164207,0.0031664786626895056,0.007130682517993261
71,@LoriJac47135906,0.0005185247342366816,0.002677362662958129,0.0070965862690498815
34,@datndaz,0.00051852473423668,0.0026773626629581306,0.0070965862690498815
435,@BklynFoundation,0.0009272528354665114,0.0030558644656333124,0.007087518477241659
596,@BizNewsJobs,0.0009272528354664395,0.003055864465633316,0.007087518477241659
82,@neyebio,0.002248973404051693,0.00306790463414411,0.007062135482150078
561,@gabyrocker,0.0009721835689385954,0.0027376630634905006,0.007062107195144168
218,@Jorgeestebanabu,0.0019432327587660672,0.0032829780631703164,0.007056068883756846
363,@ibnisinat,0.006555025100722767,0.002741603300776351,0.0070469385686621824
638,@firgrove,0.006562433134311486,0.0027415915129791373,0.007037186210245163
331,@africandoersoff,0.007876455753783318,0.003166446027475423,0.007034881524268234
68,@zlj517,0.0017746154486120713,0.0026925451078618594,0.007008566572388219
230,@danwibg,0.0017383673343453357,0.0031664396730829705,0.007001477201745024
510,@Farmer_TMG,0.0017126247497152105,0.0031664532491545317,0.006986660803477739
14,@thankful_nana,0.0014794404707161159,0.003026226032294313,0.0069807972106625815
165,@meNabster,0.0015106775593253222,0.0030372316402437717,0.006971984471361641
360,@yudiceestela,0.0016514041833304387,0.003129189174126762,0.006945488899566539
512,@GiulioConte79,0.007835593905365283,0.003129215733278413,0.006931324274980383
267,@Isaac__am,0.0013422847561312262,0.003071651612705242,0.0069167946163855906
114,@MikegroomeMike,0.0005607261727384716,0.00277212482685958,0.0069139620681971155
474,@domdyer70,0.0017418423780005356,0.0031664851823441217,0.0069038462456990374
41,@prestoneli2,0.00138089613309442,0.0029808594619963155,0.006892030274116327
764,@alrevezvolteado,0.002633483403793407,0.0028657791904865503,0.006860903142560186
226,@ManLikeFuggi,0.006554191628859233,0.002533535564090522,0.006856048664158637
95,@sergihuete,0.0019361781972442136,0.003283014771935909,0.006850625727513959
490,@HideawaySue,0.0007008996112254614,0.0030065560145465364,0.006835279480026423
485,@arnoldgalagaran,0.001177552133815016,0.0028579400412608964,0.006833585566126534
297,@Carlos95121679,0.0005532853874296705,0.002772110086247051,0.006825202011924061
232,@jacamp98,0.001121123158464937,0.0030291886815370767,0.006817028038837875
478,@smorningstar,0.0016642415567220718,0.0031291849085819134,0.006811714919576409
368,@Rosenchild,0.002787644085015508,0.0032081740175508933,0.006800323397228455
346,@LuisGui85570437,0.0007020678656642153,0.0030065671091862455,0.0067827448940334534
528,@TripRR,0.003153943114388651,0.0033263123195850807,0.006768592582520779
123,@Mhtilwani,0.008846443936869416,0.003173297048650437,0.0067662301966421624
288,@DeplorableJuJuV,0.00220526596582191,0.0031604456078068847,0.0067621111357111015
203,@Sharedlives4,0.0021465348363706917,0.0034066261154540407,0.0067421892734788914
103,@welshcookie75,0.0021465348363702828,0.0034066261154540433,0.0067421892734788914
243,@JAIROMARULANDAT,0.0013550727501681268,0.00307165929224621,0.0067264559385875
481,@antn_ja,0.00825163609287173,0.0030673126664063385,0.00672621149127226
424,@sabat_i,0.0006918027295803227,0.003006557669559634,0.0067221532756921
615,@Vivs58,0.0005478673457548483,0.002772141300534227,0.006722060462799132
129,@concepciononell,0.0017275685563480105,0.0031664712923635866,0.006714049311109447
709,@MattKoenig10,0.0025261002231501987,0.003353671584564927,0.006703206760370208
669,@CarmenRiolobos,0.0016446092770672353,0.0031291751035773152,0.006698599081799112
266,@Druid999S,0.0014885023254116339,0.00302626457366142,0.006678750745615129
506,@lacasaingalls,0.0017077672673359897,0.0031664334705331395,0.006664909465106019
152,@Nuko_EU,0.0006864167137094033,0.003006576517697031,0.006646792512341682
193,@AlexDafner,0.0025477875227047256,0.0030767508152071336,0.006634115732382675
207,@CamryKarma,0.0017357873697338288,0.00316646195639349,0.006633693153387673
336,@HighlandCouncil,0.002146529515077555,0.0034066150206426052,0.006627051211229145
189,@Orlando85629366,0.002870728414517128,0.0033679729686705226,0.006625592646917331
668,@Katleho_Katz,0.0005583725417288362,0.00277210970750098,0.006593487769018855
551,@Padre_Thierry,0.006630277894809747,0.0030065529281897616,0.006590585277556611
488,@ProudMama014,0.002840520741412417,0.0033486716927761903,0.006582514121069862
744,@Efisio31251859,0.0005466961396149855,0.0027721234413339486,0.00656415890907436
277,@Dlalande75,0.0006973733668983046,0.0030065519523056737,0.006556496006103763
560,@Lu7Pq,0.0008496719416650604,0.0031862258174448197,0.00652653331511622
636,@Ronny_Malone,0.0008496719416650565,0.0031862258174448392,0.00652653331511622
234,@manoloj27762079,0.0007008458230221169,0.0030065589449809887,0.006524734004960779
281,@Lupis86762781,0.0007008458230221162,0.0030065589449809887,0.006524734004960779
258,@ParthPa07241800,0.002592133504016868,0.0032519141281134173,0.006522725996106734
289,@Eduplana_,0.006583464013183435,0.0027720906860031536,0.0065224501283417885
35,@AnkushS27835164,0.0025059468316209724,0.0032192186413754383,0.006519085487310008
698,@pprealist1,0.0007020956410088212,0.0030065411778761437,0.0065144439890984325
137,@baraybarjp,0.0019263415812859014,0.0032830088106291675,0.006506152528490087
200,@srburgo2,0.003984818342390237,0.0033005922943705928,0.006463789173581705
166,@vdavidmartin,0.0005585642090016764,0.0027721237054992185,0.006459578861213585
16,@RowenaGreen,0.0034480165025422556,0.0030162695733276478,0.006459522582105264
106,@Ankitathreya,0.0016246006632485979,0.0028837702623354905,0.006392907317299594
559,@yvonne_erdmann,0.0030350819464322297,0.0031078505816939423,0.006388051071917784
719,@VictorBertran17,0.0007123699859621542,0.003006550832378733,0.006387516894467585
458,@sophieblack2016,0.0007187664805745229,0.0030065535340720482,0.006373000710153562
227,@RhondaHTown,0.0022869250955040825,0.003256913908139966,0.006368183347729564
657,@sprig_no,0.0007163688627824513,0.0030065478417599417,0.006367000773824031
217,@SamiKontar,0.0033461635855553604,0.0027402423096822533,0.0063269633931643185
282,@PuissantsMisera,0.006563162279527481,0.002772134030677175,0.006315140784900482
425,@Cotejam,0.0041271919038065675,0.003186663360316874,0.006311904367729974
464,@dabeard,0.008046166087480594,0.0033270432534086825,0.006309379720948519
191,@zohrathought,0.001498821872430475,0.003047981242070157,0.006212569488253804
74,@FamousPixs,0.0014988218724304692,0.0030479812420701716,0.006212569488253804
314,@EsmeBorg,0.0013890046400935993,0.0031313166315761988,0.006212564756120037
22,@panamarhradio,0.0014472551439963417,0.003003960929164085,0.006212043494655006
526,@ExanMelendez,0.0017571336810760303,0.00318441922491473,0.006209638829018775
188,@GhostofShirgar,0.0011315388996952038,0.0028266408622656526,0.0061861374472097054
680,@pais_ahora,0.0023217985847291513,0.0032632875792532306,0.0061852839414421835
257,@sifree,0.0015456286318948674,0.003048008150487652,0.0061564925087884345
286,@pookiee0758,0.0011365143174874562,0.002826663789527025,0.00614054458482528
416,@BenMyers,0.0026321676154216845,0.0032638407368154954,0.0061326186413677665
42,@MalurusSally,0.0017826610526826272,0.0031844394185550767,0.006104913867115972
33,@CaptainYossari2,0.0038649601961142158,0.0033537336897934106,0.006096414770566893
72,@GreenMonsterah,0.001995176304168846,0.003327037428981008,0.0060956321158486156
48,@sidhomez,0.002788191534389337,0.0033474086284864734,0.006082917366569456
552,@oyecomovapart2,0.006554614240673844,0.002857759874118883,0.006072868077887574
4,@MediarepGH,0.0014471406340769858,0.0030040150929986223,0.005999284987831338
52,@paranjoygt,0.0003150124284987086,0.002168450836787815,0.005991564187145817
434,@69Cosecha,0.004378487257505982,0.003329145729487948,0.005983752288712928
480,@Jackied15846926,0.001522299648435992,0.003048014373905611,0.005972893336999826
724,@Al29115728,0.0015581496724296619,0.0030460891501765527,0.005953414132145792
703,@memeorandum,0.0017684145004274853,0.0031844033891062634,0.00593097843958071
403,@paulajarvis69,0.0022054263800760834,0.0032692773739824905,0.00592672916641583
366,@berkeley22,0.0017577056198868465,0.003184409339136706,0.005925880332820853
664,@ChaliaLopez,0.006588725319317462,0.002857704632846216,0.005897443294494401
723,@Almond687,0.0007577455460466208,0.0030714148968102304,0.005868183402468029
607,@GillGreeny,0.0005900542965570294,0.002857733580922006,0.005862218804746389
611,@InstantlyU,0.0010244753513283633,0.0027684066039330994,0.005859155398428133
50,@DHSCOUNSELORS2,0.0007521878010498149,0.003071441929188102,0.005857097669770674
171,@AreanaQ,0.0017502021947543587,0.0031844094049143074,0.005838777328780973
439,@noticies_d,0.0009315118550308512,0.0029928869344556072,0.005824612855976216
21,@FusacchiA,0.006531925242934932,0.0026430760229011517,0.005808812141143175
471,@Indifer21487339,0.0006028539220416091,0.00285773181443764,0.005804089400536729
284,@SM0799,0.002580005961120924,0.00339821474469872,0.00578078453792577
418,@RickSharp79,0.0024149276439154794,0.003300565213749585,0.0057551701345210345
671,@mymediazoo,0.006158214475349421,0.003366502790943539,0.005739874225510803
614,@jamesho31760100,0.0027372011162748833,0.0032912015496797714,0.00573840448960271
549,@hortweek,0.006593016559388404,0.002857737732788048,0.005738076686525888
491,@OscarMogajane,0.0005977425089715352,0.0028577367318764566,0.005695910941573836
342,@vancitylife2020,0.000605992937521338,0.0028577311889857247,0.005662012290548811
508,@emmy2logan,0.0023057256356049357,0.0031455313779198907,0.005643788142859994
547,@Brenda64,0.0007725265028468138,0.003071435982500837,0.0056212935847006025
162,@raggapegs,0.0025665412447665003,0.0029475461128526965,0.005619763915853742
261,@Juanitosolanov,0.001568823793450603,0.003069163147911912,0.005492877478532679
419,@Bill381987,0.006284844519669139,0.0028020282193418075,0.004997859605429416
440,@LifeVarnum,0.0017693536499583352,0.0029060823534249195,0.004818152550578101
112,@jsasshay,0.0017693536499584141,0.0029060823534249242,0.004818152550578101
219,@DixieLe94302898,0.0044283424836504695,0.0029282735664970475,0.0048172999789566255
125,@greencane654,0.002524779709689144,0.0031773818579403823,0.004637649931943178
70,@Jackobyone,0.0025247797096891594,0.0031773818579403914,0.004637649931943178
126,@Robinini,0.0025247797096891364,0.003177381857940387,0.004637649931943178
63,@sweetromance,0.0014171755753408092,0.002980666911005009,0.0045958067568794185
184,@Chino90860678,0.0019323124677477657,0.0032828349099708193,0.00451649497843237
269,@suleskerry,0.0019293315854203928,0.0032259074104433356,0.0045028016716514825
133,@redianbot,0.000361532761716906,0.0012432846696584612,0.0012758260854721908
201,@raybae689,0.0006947063624864763,0.0012309252670638835,0.00107956494732287
96,@Patriot_Nate,0.009284100932063848,0.0019988416389284747,0.0008993287206009412
124,@3Cissy,0.006172066094091566,0.0016052546272484658,0.0008984214060117584
357,@YawAmponsahNY,0.0023808937359937952,0.0007861934854131956,0.0008979949589934849
224,@WWh49Gmbh81ezAl,0.002380893735993797,0.0007861934854131958,0.0008979949589934849
353,@ednewmanrhc,0.0012421332146701166,0.001256058558934807,0.0007186236889096521
85,@DomitilaPerez16,1.0530640554141541e-05,0.0009398924478701472,0.0007183880585649555
332,@ButchJocson,0.00232004435388079,0.0021666023894887855,0.0005407025242165186
195,@jymbudd,0.0009230876893193377,0.0013702478696562908,0.0005391028616277757
255,@ugoestrada,0.0012371226471079547,0.0015179330910840667,0.0005388784385171267
602,@AnaVale47648144,0.0012371226471079484,0.0015179330910840582,0.0005388784385171267
310,@EyeGloArts,0.002709371033974726,0.0014095425574740968,0.000538806865986906
83,@clarincom,1.4040854072184023e-05,0.0011717127156675822,0.0005387910439237167
503,@seektruthextra,1.4040854072184023e-05,0.0011717127156675824,0.0005387910439237167
134,@elconfidencial,0.003907524404351189,0.0017806644038682,0.00040291474289161697
67,@elnacionalcat,0.0006920722732040431,0.0019347041291815149,0.00040230616466990435
9,@IngrahamAngle,0.003800650440734238,0.0031925509966836876,0.00039332570642683714
208,@AlbertoRodNews,0.0004199332070310497,0.0019593830430806366,0.00038117848504163807
144,@la_patilla,2.1061281108283404e-05,0.0015553272159574052,0.00035919402928247777
132,@CREWcrew,3.203321406739758e-19,0.0004892416017096696,0.00031885341891688135
60,@EFEnoticias,0.0008543724177119807,0.00252878442954198,0.00022904700930409557
5,@ANI,0.0010835846160057265,0.0027221771517707835,0.00022326834051198316
146,@TomthunkitsMind,0.000871415040014237,0.002541974559137067,0.0002230114592844291
54,@ThanthiTV,0.0009269289481633515,0.0025313865380942407,0.00020712430398014134
155,@mcspocky,0.0009335442192224474,0.00271030215753261,0.00020243715449567545
389,@B52Malmet,0.0023007734429143535,0.0026424849262238256,0.00019868426967618722
62,@ajc,0.0004543294444187838,0.0025246375813051673,0.00018026871594728882
93,@ABC,0.0018883838868784457,0.002151053823386249,0.00018017043573471755
29,@PolitiBunny,0.0010440682924566038,0.002518782840906092,0.0001801263585993139
109,@fargosi,0.0024145517167423244,0.0023150746093530423,0.000179598991798697
12,@Conflits_FR,4.212256221657577e-05,0.0023123979224945095,0.00017959701464123889
27,@AlertaNews24,4.212256221657577e-05,0.002312397922494513,0.00017959701464123889
173,@WatchChad,4.21225622165761e-05,0.0023123979224944995,0.00017959701464123889
295,@ggreenwald,4.212256221657577e-05,0.0023123979224944973,0.00017959701464123889
136,@propublica,2.7196198743220546e-16,0.000488679647510364,8.709613551090764e-05
8,@BBCNewsnight,0.0006908632940811495,0.0011269567824438891,4.6992051684354394e-05
10,@P4ttyta,-3.203321406739758e-19,0.0005005486371018885,4.188720684820233e-05
15,@TIME,0.0,0.0008368155067031765,2.4931399440117947e-05
2,@ABPNews,0.0,0.0008642073918079802,2.245110736401658e-05
159,@telemadrid,0.0,0.0008753674892401829,1.9854758283507027e-05
98,@washingtonpost,0.0,0.00047304774485518414,2.979647593098411e-06
